"p_val","avg_log2FC","pct.1","pct.2","p_val_adj","cluster","gene"
9.75158491462936e-272,6.84145990744346,0.319,0.008,3.76469687214181e-267,"0","NRCAM"
1.37474545115545e-230,6.20742228515896,0.268,0.005,5.30734228873073e-226,"0","LEF1-AS1"
0,4.75516659214257,0.974,0.087,0,"0","LEF1"
0,4.64511704230308,0.608,0.033,0,"0","CHRM3-AS2"
5.16608366624108e-182,4.54512696467242,0.25,0.012,1.99441826018903e-177,"0","EPHX2"
3.45074520592112e-249,4.26222898229608,0.305,0.009,1.33219469419791e-244,"1","ENSG00000289150"
0,3.54047542121582,0.987,0.189,0,"1","S100A12"
0,3.47838335152073,0.824,0.109,0,"1","RBP7"
0,3.46329962945753,1,0.39,0,"1","S100A8"
1.74701674819728e-246,3.24057939381718,0.471,0.049,6.74453285809041e-242,"1","MTARC1"
0,3.60194658738758,0.929,0.12,0,"2","LGALS2"
3.49839910287368e-142,3.39603917796244,0.267,0.023,1.35059195765541e-137,"2","TMEM176A"
1.42126297203987e-191,3.33846732378946,0.404,0.045,5.48692782985711e-187,"2","TMEM176B"
9.29822557620335e-180,3.28946385050574,0.422,0.055,3.58967296594906e-175,"2","TPPP3"
5.9488955525538e-282,3.02655101857378,0.599,0.071,2.29663061701892e-277,"2","NRG1"
2.13678644904758e-223,3.66191284019769,0.742,0.211,8.2492777651931e-219,"3","SEMA6B"
6.62399679017478e-56,3.61076318415725,0.253,0.066,2.55726020081488e-51,"3","GTF2IRD1"
8.93756814393798e-127,3.26682755979892,0.533,0.158,3.4504375576487e-122,"3","AATK"
6.28127870864275e-100,3.23080327731815,0.47,0.146,2.42495045825862e-95,"3","MN1"
6.16095986123288e-226,3.22492575139444,0.822,0.268,2.37850016402757e-221,"3","FAM20C"
5.95902132711446e-202,4.56236326269032,0.421,0.041,2.30053977354581e-197,"4","KLRC2"
1.26936413506533e-169,4.52511922483573,0.274,0.015,4.9005071798332e-165,"4","LAG3"
0,4.08193081306241,0.784,0.076,0,"4","GZMH"
4.12752789171191e-222,3.99778051392972,0.487,0.052,1.5934734178743e-217,"4","TRGC2"
1.98477144116125e-200,3.86795292993069,0.47,0.054,7.66240862574712e-196,"4","TRDC"
0,7.71986732040608,0.473,0.005,0,"5","TCL1A"
0,7.154851238771,0.969,0.02,0,"5","IGHD"
0,6.97361279422283,0.377,0.006,0,"5","SCN3A"
0,6.77441214231695,0.924,0.023,0,"5","COL19A1"
3.47170612636397e-235,6.63610434321458,0.277,0.006,1.34028686714407e-230,"5","ENSG00000224610"
5.93184435575345e-187,6.70963255549091,0.27,0.01,2.29004783198218e-182,"6","LINC02694"
0,6.19428140907399,0.511,0.01,0,"6","CCR4"
4.495719174036e-147,4.05560509454988,0.315,0.026,1.73561734432834e-142,"6","IL2RA"
1.66706038482233e-104,3.42147059897551,0.332,0.048,6.43585332164509e-100,"6","CTLA4"
3.16893224717018e-106,3.32453468412148,0.31,0.04,1.22339798334252e-101,"6","CRIP2"
6.91296215999414e-279,6.04573713819807,0.354,0.007,2.66881817148734e-274,"7","KIR3DL1"
5.07291973279303e-254,5.92073249016513,0.31,0.005,1.95845139204208e-249,"7","ENSG00000288970"
7.35995815200221e-305,5.55573491523173,0.5,0.02,2.84138544416197e-300,"7","XCL2"
1.59407688298167e-122,5.1814108467583,0.437,0.058,6.15409321443905e-118,"7","CCL3"
2.61556487193445e-203,5.04168328176163,0.381,0.019,1.00976497445901e-198,"7","CD160"
2.71945454901e-134,5.12834328189262,0.491,0.044,1.0498726231908e-129,"8","BNC2"
2.30996037363936e-67,4.94014824029513,0.323,0.038,8.91783301847212e-63,"8","LINGO2"
8.58717746260584e-100,4.52979641502333,0.46,0.053,3.31516573121361e-95,"8","NCAM1"
5.59622614090884e-73,4.386231753859,0.323,0.034,2.16047906395927e-68,"8","ATP9A"
2.7610962210244e-79,4.23329936218914,0.298,0.026,1.06594880708868e-74,"8","ZMAT4"
5.70801823641607e-294,9.16307289148375,0.553,0.016,2.20363752035079e-289,"9","IGHA1"
9.91768134398484e-302,8.92052682719615,0.333,0.002,3.82882005965879e-297,"9","IGHG1"
2.8384750635066e-230,8.16249469442181,0.326,0.005,1.09582168301736e-225,"9","LINC01320"
0,8.06383118840001,0.546,0.003,0,"9","COL4A4"
1.00952452572502e-248,7.78342725315077,0.284,0.002,3.89737038401402e-244,"9","SSPN"
0,10.2430595854973,0.42,0.002,0,"10","LYPD2"
0,8.6307812815326,0.333,0,0,"10","ENSG00000289263"
1.86553724788466e-273,7.43510438095132,0.42,0.008,7.20209309918351e-269,"10","C1QA"
1.81365564738843e-216,6.79196729005842,0.268,0.003,7.00179899230777e-212,"10","ENSG00000289278"
1.17863767587063e-272,6.75278783819401,0.957,0.084,4.55024861146615e-268,"10","CDKN1C"
0,7.64868608165412,0.869,0.008,0,"11","SLC4A10"
1.71733652432156e-235,7.42971012939575,0.285,0.002,6.6299493857958e-231,"11","RORC"
0,6.76598310337064,0.523,0.01,0,"11","ADAM12"
1.99754330190507e-300,6.68584243167552,0.454,0.008,7.7117156713347e-296,"11","ELOVL4"
1.0445341591603e-221,6.41901587285378,0.338,0.006,4.03252857485426e-217,"11","LTK"
0,8.46801404101174,0.897,0.014,0,"12","FCER1A"
0,7.69554617889372,0.644,0.006,0,"12","ENHO"
9.99001375025003e-268,7.10629148738322,0.839,0.037,3.85674470842153e-263,"12","CD1C"
1.26195685724178e-153,6.95647182193366,0.287,0.005,4.87191064306763e-149,"12","CD1E"
7.59016924081668e-277,6.62694248940398,0.851,0.036,2.93026073710969e-272,"12","CLEC10A"
1.64014950836354e-151,6.31060195186243,0.578,0.016,6.33196119198827e-147,"13","RDUR"
4.12718128850082e-168,6.21772734584439,0.689,0.022,1.59333960823863e-163,"13","UICLM"
4.14874061230732e-52,6.19386244627893,0.267,0.011,1.60166280078736e-47,"13","PPP1R17"
7.28771668020588e-134,6.11081676890047,0.822,0.043,2.81349590156028e-129,"13","ENSG00000287682"
2.36409762077663e-44,5.47005919362392,0.311,0.018,9.12683527477025e-40,"13","CCDC26"
0,11.6862613556136,0.737,0.001,0,"14","SCT"
0,11.3954258660385,0.289,0,0,"14","KRT5"
0,11.0373777697731,0.553,0,0,"14","ENSG00000290592"
0,10.9429759044202,0.342,0,0,"14","ENSG00000248991"
0,10.910000600719,0.684,0,0,"14","LRRC26"
0,15.2631780873254,1,0.002,0,"15","ITGB3"
0,14.2962369979466,0.467,0,0,"15","ENSG00000289176"
0,14.0992893516395,0.933,0.001,0,"15","CMTM5"
3.78892616468722e-299,14.0208872107962,1,0.008,1.46275283513915e-294,"15","TUBB1"
1.83449191860647e-315,13.9076398461,1,0.008,7.08223950097212e-311,"15","CAVIN2"
